{
  "minecraft:recipes/misc/charcoal": {
    "criteria": {
      "has_log": "2024-08-21 07:50:51 +0000"
    },
    "done": true
  },
  "minecraft:recipes/building_blocks/oak_planks": {
    "criteria": {
      "has_logs": "2024-08-21 07:50:51 +0000"
    },
    "done": true
  },
  "minecraft:recipes/building_blocks/oak_wood": {
    "criteria": {
      "has_log": "2024-08-21 07:50:51 +0000"
    },
    "done": true
  },
  "minecraft:adventure/adventuring_time": {
    "criteria": {
      "minecraft:forest": "2024-08-21 07:49:57 +0000"
    },
    "done": false
  },
  "DataVersion": 2586
}